xpos,ypos,velocity,yaw,,yaw,xpos,ypos
0,0,0,0,,12288,2160,360
0,0,0,0,,12288,2160,360
0,0,0,0,,12288,2160,360
0,0,0,0,,12288,2160,360
0,0,0,0,,12288,2160,360
1,0,0,0,,12288,2161,360
1,0,0,0,,12288,2161,360
2,0,0,0,,12288,2162,360
2,0,0,0,,12288,2162,360
3,0,0,0,,12288,2163,360
4,0,0,0,,12288,2164,360
4,0,0,0,,12288,2164,360
5,0,0,0,,12288,2165,360
6,0,0,0,,12288,2166,360
7,0,0,0,,12288,2167,360
8,0,1,0,,12288,2168,360
9,0,1,0,,12288,2169,360
10,0,1,0,,12288,2170,360
11,0,1,0,,12288,2171,360
13,0,1,0,,12288,2173,360
14,0,1,0,,12288,2174,360
15,0,1,0,,12288,2175,360
17,0,1,0,,12288,2177,360
18,0,1,0,,12288,2178,360
20,0,1,0,,12288,2180,360
21,0,1,0,,12288,2181,360
23,0,1,0,,12288,2183,360
25,0,1,0,,12288,2185,360
27,0,1,0,,12288,2187,360
29,0,1,0,,12288,2189,360
31,0,1,0,,12288,2191,360
33,0,2,0,,12288,2193,360
35,0,2,0,,12288,2195,360
37,0,2,0,,12288,2197,360
39,0,2,0,,12288,2199,360
41,0,2,0,,12288,2201,360
43,0,2,0,,12288,2203,360
46,0,2,0,,12288,2206,360
48,0,2,0,,12288,2208,360
51,0,2,0,,12288,2211,360
53,0,2,0,,12288,2213,360
56,0,2,0,,12288,2216,360
59,0,2,0,,12288,2219,360
61,0,2,0,,12288,2221,360
64,0,2,0,,12288,2224,360
67,0,2,0,,12288,2227,360
70,0,2,0,,12288,2230,360
73,0,3,0,,12288,2233,360
76,0,3,0,,12288,2236,360
79,0,3,0,,12288,2239,360
82,0,3,0,,12288,2242,360
86,0,3,0,,12288,2246,360
89,0,3,0,,12288,2249,360
92,0,3,0,,12288,2252,360
96,0,3,0,,12288,2256,360
99,0,3,0,,12288,2259,360
103,0,3,0,,12288,2263,360
106,0,3,0,,12288,2266,360
110,0,3,0,,12288,2270,360
114,0,3,0,,12288,2274,360
118,0,3,0,,12288,2278,360
122,0,3,0,,12288,2282,360
126,0,3,0,,12288,2286,360
130,0,4,0,,12288,2290,360
134,0,4,0,,12288,2294,360
138,0,4,0,,12288,2298,360
142,0,4,0,,12288,2302,360
146,0,4,0,,12288,2306,360
150,0,4,0,,12288,2310,360
155,0,4,0,,12288,2315,360
159,0,4,0,,12288,2319,360
164,0,4,0,,12288,2324,360
168,0,4,0,,12288,2328,360
173,0,4,0,,12288,2333,360
177,0,4,0,,12288,2337,360
182,0,4,0,,12288,2342,360
187,0,4,0,,12288,2347,360
191,0,4,0,,12288,2351,360
196,0,4,0,,12288,2356,360
201,0,4,0,,12288,2361,360
206,0,4,0,,12288,2366,360
210,0,4,0,,12288,2370,360
215,0,4,0,,12288,2375,360
220,0,4,0,,12288,2380,360
225,0,4,0,,12288,2385,360
230,0,4,0,,12288,2390,360
235,0,4,0,,12288,2395,360
240,0,5,0,,12288,2400,360
245,0,5,0,,12288,2405,360
250,0,5,0,,12288,2410,360
255,0,5,0,,12288,2415,360
260,0,5,0,,12288,2420,360
265,0,5,0,,12288,2425,360
271,0,5,0,,12288,2431,360
276,0,5,0,,12288,2436,360
281,0,5,0,,12288,2441,360
286,0,5,0,,12288,2446,360
292,0,5,0,,12288,2452,360
297,0,5,0,,12288,2457,360
302,0,5,0,,12288,2462,360
308,0,5,0,,12288,2468,360
313,0,5,0,,12288,2473,360
319,0,5,0,,12288,2479,360
324,0,5,0,,12288,2484,360
330,0,5,0,,12288,2490,360
335,0,5,0,,12288,2495,360
341,0,5,0,,12288,2501,360
347,0,5,0,,12288,2507,360
352,0,5,0,,12288,2512,360
358,0,5,0,,12288,2518,360
364,0,5,0,,12288,2524,360
369,0,5,0,,12288,2529,360
375,0,5,0,,12288,2535,360
381,0,5,0,,12288,2541,360
387,0,5,0,,12288,2547,360
393,0,5,0,,12288,2553,360
399,0,5,0,,12288,2559,360
405,0,5,0,,12288,2565,360
411,0,5,0,,12288,2571,360
417,0,6,0,,12288,2577,360
423,0,6,0,,12288,2583,360
429,0,6,0,,12288,2589,360
435,0,6,0,,12288,2595,360
441,0,6,0,,12288,2601,360
447,0,6,0,,12288,2607,360
453,0,6,0,,12288,2613,360
459,0,6,0,,12288,2619,360
466,0,6,0,,12288,2626,360
472,0,6,0,,12288,2632,360
478,0,6,0,,12288,2638,360
485,0,6,0,,12288,2645,360
491,0,6,0,,12288,2651,360
497,0,6,0,,12288,2657,360
504,0,6,0,,12288,2664,360
510,0,6,0,,12288,2670,360
517,0,6,0,,12288,2677,360
523,0,6,0,,12288,2683,360
530,0,6,0,,12288,2690,360
536,0,6,0,,12288,2696,360
543,0,6,0,,12288,2703,360
549,0,6,0,,12288,2709,360
556,0,6,0,,12288,2716,360
563,0,6,0,,12288,2723,360
569,0,6,0,,12288,2729,360
576,0,6,0,,12288,2736,360
583,0,6,0,,12288,2743,360
589,0,6,0,,12288,2749,360
596,0,6,0,,12288,2756,360
603,0,6,0,,12288,2763,360
609,0,6,0,,12288,2769,360
616,0,6,0,,12288,2776,360
623,0,6,0,,12288,2783,360
630,0,6,0,,12288,2790,360
636,0,6,0,,12288,2796,360
643,0,6,0,,12288,2803,360
650,0,6,0,,12288,2810,360
657,0,6,0,,12288,2817,360
664,0,6,0,,12288,2824,360
671,0,6,0,,12288,2831,360
677,0,6,0,,12288,2837,360
684,0,6,0,,12288,2844,360
691,0,6,0,,12288,2851,360
698,0,6,0,,12288,2858,360
705,0,6,0,,12288,2865,360
712,0,6,0,,12288,2872,360
719,0,6,0,,12288,2879,360
726,0,6,0,,12288,2886,360
733,0,7,0,,12288,2893,360
740,0,7,0,,12288,2900,360
747,0,7,0,,12288,2907,360
754,0,7,0,,12288,2914,360
761,0,7,0,,12288,2921,360
768,0,7,0,,12288,2928,360
775,0,7,0,,12288,2935,360
782,0,7,0,,12288,2942,360
789,0,7,0,,12288,2949,360
796,0,7,0,,12288,2956,360
803,0,7,0,,12288,2963,360
811,0,7,0,,12288,2971,360
818,0,7,0,,12288,2978,360
825,0,7,0,,12288,2985,360
832,0,7,0,,12288,2992,360
839,0,7,0,,12288,2999,360
846,0,7,0,,12288,3006,360
853,0,7,0,,12288,3013,360
860,0,7,0,,12288,3020,360
867,0,7,0,,12288,3027,360
875,0,7,0,,12288,3035,360
882,0,7,0,,12288,3042,360
889,0,7,0,,12288,3049,360
896,0,7,0,,12288,3056,360
903,0,7,0,,12288,3063,360
911,0,7,0,,12288,3071,360
918,0,7,0,,12288,3078,360
925,0,7,0,,12288,3085,360
932,0,7,0,,12288,3092,360
939,0,7,0,,12288,3099,360
947,0,7,0,,12288,3107,360
954,0,7,0,,12288,3114,360
961,0,7,0,,12288,3121,360
968,0,7,0,,12288,3128,360
976,0,7,0,,12288,3136,360
983,0,7,0,,12288,3143,360
990,0,7,0,,12288,3150,360
997,0,7,0,,12288,3157,360
1005,0,7,0,,12288,3165,360
1012,0,7,0,,12288,3172,360
1019,0,7,0,,12288,3179,360
1027,0,7,0,,12288,3187,360
1034,0,7,0,,12288,3194,360
1041,0,7,0,,12288,3201,360
1049,0,7,0,,12288,3209,360
1056,0,7,0,,12288,3216,360
1063,0,7,0,,12288,3223,360
1071,0,7,0,,12288,3231,360
1078,0,7,0,,12288,3238,360
1086,0,7,0,,12288,3246,360
1093,0,7,0,,12288,3253,360
1100,0,7,0,,12288,3260,360
1108,0,7,0,,12288,3268,360
1115,0,7,0,,12288,3275,360
1123,0,7,0,,12288,3283,360
1130,0,7,0,,12288,3290,360
1137,0,7,0,,12288,3297,360
1145,0,7,0,,12288,3305,360
1152,0,7,0,,12288,3312,360
1160,0,7,0,,12288,3320,360
1167,0,7,0,,12288,3327,360
1175,0,7,0,,12288,3335,360
1182,0,7,0,,12288,3342,360
1190,0,7,0,,12288,3350,360
1197,0,7,0,,12288,3357,360
1205,0,7,0,,12288,3365,360
1212,0,7,0,,12288,3372,360
1220,0,7,0,,12288,3380,360
1227,0,7,0,,12288,3387,360
1235,0,7,0,,12288,3395,360
1242,0,7,0,,12288,3402,360
1250,0,7,0,,12288,3410,360
1257,0,7,0,,12288,3417,360
1265,0,7,0,,12288,3425,360
1272,0,7,0,,12288,3432,360
1280,0,7,0,,12288,3440,360
1288,0,7,0,,12288,3448,360
1295,0,7,0,,12288,3455,360
1303,0,7,0,,12288,3463,360
1310,0,7,0,,12288,3470,360
1318,0,7,0,,12288,3478,360
1325,0,7,0,,12288,3485,360
1333,0,7,0,,12288,3493,360
1340,0,7,0,,12288,3500,360
1348,0,7,0,,12288,3508,360
1355,0,7,0,,12288,3515,360
1362,0,7,0,,12288,3522,360
1370,0,7,0,,12288,3530,360
1377,0,7,0,,12288,3537,360
1384,0,7,0,,12288,3544,360
1392,0,7,0,,12288,3552,360
1399,0,7,0,,12288,3559,360
1406,0,7,0,,12288,3566,360
1414,0,7,0,,12288,3574,360
1421,0,7,0,,12288,3581,360
1428,0,7,0,,12288,3588,360
1436,0,7,0,,12288,3596,360
1443,0,7,0,,12288,3603,360
1450,0,7,0,,12288,3610,360
1457,0,7,0,,12288,3617,360
1464,0,7,0,,12288,3624,360
1472,0,7,0,,12288,3632,360
1479,0,7,0,,12288,3639,360
1486,0,7,0,,12288,3646,360
1493,0,7,0,,12288,3653,360
1500,0,7,0,,12288,3660,360
1507,0,7,0,,12288,3667,360
1514,0,7,0,,12288,3674,360
1521,0,7,0,,12288,3681,360
1528,0,7,0,,12288,3688,360
1536,0,7,0,,12288,3696,360
1543,0,7,0,,12288,3703,360
1550,0,7,0,,12288,3710,360
1557,0,6,0,,12288,3717,360
1564,0,6,0,,12288,3724,360
1570,0,6,0,,12288,3730,360
1577,0,6,0,,12288,3737,360
1584,0,6,0,,12288,3744,360
1591,0,6,0,,12288,3751,360
1598,0,6,0,,12288,3758,360
1605,0,6,0,,12288,3765,360
1612,0,6,0,,12288,3772,360
1619,0,6,0,,12288,3779,360
1626,0,6,0,,12288,3786,360
1632,0,6,0,,12288,3792,360
1639,0,6,0,,12288,3799,360
1646,0,6,0,,12288,3806,360
1653,0,6,0,,12288,3813,360
1659,0,6,0,,12288,3819,360
1666,0,6,0,,12288,3826,360
1673,0,6,21,,12309,3833,360
1680,0,6,64,,12352,3840,360
1686,0,6,128,,12416,3846,360
1693,0,6,214,,12502,3853,360
1700,0,6,343,,12631,3860,360
1706,0,6,493,,12781,3866,360
1713,0,6,686,,12974,3873,360
1720,1,6,922,,13210,3880,361
1726,2,6,1201,,13489,3886,362
1733,3,6.08276253,1502,,13790,3893,363
1739,4,6.08276253,1803,,14091,3899,364
1745,6,6.08276253,2104,,14392,3905,366
1752,8,6.08276253,2405,,14693,3912,368
1758,10,6.32455532,2706,,14994,3918,370
1764,12,6.32455532,3007,,15295,3924,372
1770,15,5.385164807,3308,,15596,3930,375
1776,18,5.385164807,3602,,15890,3936,378
1781,21,5.830951895,3896,,16184,3941,381
1787,24,5.830951895,4190,,16478,3947,384
1792,27,5.830951895,4484,,16772,3952,387
1798,31,5.830951895,4778,,17066,3958,391
1803,35,5.830951895,5072,,17360,3963,395
1808,39,5.830951895,5366,,17654,3968,399
1813,43,5.656854249,5660,,17948,3973,403
1817,47,5.656854249,5954,,18242,3977,407
1822,52,5.656854249,6248,,18536,3982,412
1826,56,5.656854249,6542,,18830,3986,416
1830,61,5.656854249,6836,,19124,3990,421
1834,66,5,7130,,19418,3994,426
1838,71,5.830951895,7424,,19712,3998,431
1841,76,5.830951895,7718,,20006,4001,436
1845,81,5.830951895,8012,,20300,4005,441
1848,87,5.830951895,8306,,20594,4008,447
1851,92,5.385164807,8600,,20888,4011,452
1853,98,5.385164807,8894,,21182,4013,458
1856,103,5.385164807,9188,,21476,4016,463
1858,109,5.385164807,9482,,21770,4018,469
1860,115,5.099019514,9776,,22064,4020,475
1862,121,5.099019514,10070,,22358,4022,481
1863,127,5.099019514,10364,,22652,4023,487
1865,133,5.099019514,10658,,22946,4025,493
1866,139,5.099019514,10952,,23240,4026,499
1867,145,5,11246,,23534,4027,505
1868,151,6,11540,,23828,4028,511
1868,157,6,11834,,24122,4028,517
1868,163,6,12128,,24416,4028,523
1868,169,6,12422,,24710,4028,529
1868,175,5.099019514,12716,,25004,4028,535
1868,181,5.099019514,13003,,25291,4028,541
1867,187,5.099019514,13290,,25578,4027,547
1866,192,5.099019514,13577,,25865,4026,552
1865,198,5.385164807,13864,,26152,4025,558
1864,204,5.385164807,14151,,26439,4024,564
1862,210,5.385164807,14438,,26726,4022,570
1860,215,5.385164807,14725,,27013,4020,575
1858,221,5.385164807,15012,,27300,4018,581
1856,226,5.830951895,15299,,27587,4016,586
1854,232,5.830951895,15586,,27874,4014,592
1852,237,5.830951895,15873,,28161,4012,597
1849,242,5.830951895,16160,,28448,4009,602
1846,247,5.830951895,16426,,28714,4006,607
1843,252,5.656854249,16672,,28960,4003,612
1840,257,5.656854249,16897,,29185,4000,617
1837,262,5.656854249,17102,,29390,3997,622
1833,266,5.656854249,17286,,29574,3993,626
1830,271,5.656854249,17450,,29738,3990,631
1826,275,5.656854249,17593,,29881,3986,635
1823,280,5.656854249,17716,,30004,3983,640
1819,284,5.656854249,17818,,30106,3979,644
1816,288,5.656854249,17900,,30188,3976,648
1812,293,5.656854249,17961,,30249,3972,653
1808,297,5.656854249,18002,,30290,3968,657
1804,301,5.656854249,18022,,30310,3964,661
1801,305,5.656854249,18022,,30310,3961,665
1797,309,5.656854249,18022,,30310,3957,669
1794,314,5.656854249,18022,,30310,3954,674
1790,318,5.656854249,18022,,30310,3950,678
1786,322,5.656854249,18022,,30310,3946,682
1783,326,5.656854249,18042,,30330,3943,686
1779,330,5.656854249,18083,,30371,3939,690
1775,334,5.656854249,18143,,30431,3935,694
1772,338,5,18223,,30511,3932,698
1768,342,5,18343,,30631,3928,702
1764,346,5,18483,,30771,3924,706
1760,350,5,18663,,30951,3920,710
1756,354,5,18883,,31171,3916,714
1752,357,5.830951895,19143,,31431,3912,717
1748,360,5.830951895,19423,,31711,3908,720
1744,364,5.830951895,19703,,31991,3904,724
1740,367,5.385164807,19983,,32271,3900,727
1735,370,5.385164807,20263,,32551,3895,730
1730,372,5.385164807,-44993,,-32705,3890,732
1726,375,5.385164807,-44713,,-32425,3886,735
1721,377,5.385164807,-44433,,-32145,3881,737
1716,379,5.385164807,-44153,,-31865,3876,739
1711,381,5.385164807,-43873,,-31585,3871,741
1707,383,5.099019514,-43593,,-31305,3867,743
1702,385,5.099019514,-43313,,-31025,3862,745
1697,386,5.099019514,-43033,,-30745,3857,746
1692,388,6.08276253,-42753,,-30465,3852,748
1687,389,6.08276253,-42473,,-30185,3847,749
1681,389,6,-42193,,-29905,3841,749
1676,390,6,-41913,,-29625,3836,750
1671,391,6,-41653,,-29365,3831,751
1666,391,6,-41413,,-29125,3826,751
1661,391,6,-41193,,-28905,3821,751
1656,391,6,-40993,,-28705,3816,751
1651,391,6,-40813,,-28525,3811,751
1646,391,6.08276253,-40653,,-28365,3806,751
1641,391,6.08276253,-40513,,-28225,3801,751
1636,391,6.08276253,-40393,,-28105,3796,751
1631,390,5.099019514,-40293,,-28005,3791,750
1626,390,5.099019514,-40215,,-27927,3786,750
1621,389,5.099019514,-40157,,-27869,3781,749
1616,389,5.099019514,-40118,,-27830,3776,749
1611,388,5.099019514,-40099,,-27811,3771,748
1606,388,6.08276253,-40099,,-27811,3766,748
1601,387,6.08276253,-40099,,-27811,3761,747
1596,387,6.08276253,-40099,,-27811,3756,747
1591,386,6.08276253,-40099,,-27811,3751,746
1586,386,6.08276253,-40099,,-27811,3746,746
1581,385,6.08276253,-40099,,-27811,3741,745
1575,385,6.08276253,-40099,,-27811,3735,745
1570,384,6.08276253,-40099,,-27811,3730,744
1565,384,6.08276253,-40099,,-27811,3725,744
1560,383,6.08276253,-40099,,-27811,3720,743
1554,383,6.08276253,-40099,,-27811,3714,743
1549,382,6.08276253,-40119,,-27831,3709,742
1544,382,6.08276253,-40179,,-27891,3704,742
1538,381,6.08276253,-40259,,-27971,3698,741
1533,381,6.08276253,-40359,,-28071,3693,741
1527,380,6.08276253,-40439,,-28151,3687,740
1522,380,6.08276253,-40500,,-28212,3682,740
1516,380,6.08276253,-40541,,-28253,3676,740
1510,380,6.08276253,-40561,,-28273,3670,740
1505,380,6.08276253,-40561,,-28273,3665,740
1499,380,6.08276253,-40561,,-28273,3659,740
1493,379,6.08276253,-40561,,-28273,3653,739
1488,379,6.08276253,-40561,,-28273,3648,739
1482,379,6.08276253,-40561,,-28273,3642,739
1476,379,6.08276253,-40561,,-28273,3636,739
1470,379,6.08276253,-40561,,-28273,3630,739
1464,379,6.08276253,-40561,,-28273,3624,739
1458,378,6.08276253,-40561,,-28273,3618,738
1453,378,6.08276253,-40561,,-28273,3613,738
1447,378,6.08276253,-40561,,-28273,3607,738
1441,378,6.08276253,-40561,,-28273,3601,738
1435,378,7.071067812,-40561,,-28273,3595,738
1429,377,7.071067812,-40561,,-28273,3589,737
1422,377,7.071067812,-40561,,-28273,3582,737
1416,377,7.071067812,-40561,,-28273,3576,737
1410,377,7.071067812,-40561,,-28273,3570,737
1404,377,7.071067812,-40561,,-28273,3564,737
1398,376,7.071067812,-40561,,-28273,3558,736
1392,376,7.071067812,-40561,,-28273,3552,736
1385,376,7.071067812,-40582,,-28294,3545,736
1379,376,7.071067812,-40645,,-28357,3539,736
1373,376,7,-40729,,-28441,3533,736
1366,376,7,-40792,,-28504,3526,736
1360,376,7,-40834,,-28546,3520,736
1353,376,7,-40855,,-28567,3513,736
1347,376,7,-40855,,-28567,3507,736
1341,376,7,-40855,,-28567,3501,736
1334,376,7,-40855,,-28567,3494,736
1327,376,7,-40855,,-28567,3487,736
1321,376,7,-40855,,-28567,3481,736
1314,376,7,-40855,,-28567,3474,736
1308,376,7,-40855,,-28567,3468,736
1301,376,7,-40855,,-28567,3461,736
1295,376,7,-40855,,-28567,3455,736
1288,376,7,-40855,,-28567,3448,736
1281,376,7,-40855,,-28567,3441,736
1275,376,7,-40855,,-28567,3435,736
1268,376,7,-40855,,-28567,3428,736
1261,376,7,-40855,,-28567,3421,736
1255,376,7,-40855,,-28567,3415,736
1248,376,7,-40855,,-28567,3408,736
1241,376,7,-40855,,-28567,3401,736
1234,376,7,-40855,,-28567,3394,736
1228,376,7,-40855,,-28567,3388,736
1221,376,7,-40855,,-28567,3381,736
1214,376,7,-40855,,-28567,3374,736
1207,376,7,-40855,,-28567,3367,736
1200,376,7,-40855,,-28567,3360,736
1193,376,7,-40855,,-28567,3353,736
1187,376,7,-40855,,-28567,3347,736
1180,376,7,-40855,,-28567,3340,736
1173,376,7,-40855,,-28567,3333,736
1166,376,7,-40855,,-28567,3326,736
1159,376,7,-40855,,-28567,3319,736
1152,376,7,-40855,,-28567,3312,736
1145,376,7,-40855,,-28567,3305,736
1138,376,7,-40855,,-28567,3298,736
1131,376,7,-40855,,-28567,3291,736
1124,376,8,-40855,,-28567,3284,736
1117,376,8,-40855,,-28567,3277,736
1110,376,8,-40855,,-28567,3270,736
1103,376,8,-40855,,-28567,3263,736
1096,376,8,-40855,,-28567,3256,736
1089,376,8,-40855,,-28567,3249,736
1082,376,8,-40855,,-28567,3242,736
1075,376,8,-40855,,-28567,3235,736
1068,376,8,-40855,,-28567,3228,736
1061,376,8,-40855,,-28567,3221,736
1054,376,8,-40855,,-28567,3214,736
1047,376,8,-40855,,-28567,3207,736
1039,376,8,-40855,,-28567,3199,736
1032,376,8,-40855,,-28567,3192,736
1025,376,8,-40855,,-28567,3185,736
1018,376,8,-40855,,-28567,3178,736
1011,376,8,-40855,,-28567,3171,736
1004,376,8,-40855,,-28567,3164,736
997,376,8,-40855,,-28567,3157,736
990,376,8,-40855,,-28567,3150,736
982,376,8,-40855,,-28567,3142,736
975,376,8,-40855,,-28567,3135,736
968,376,8,-40855,,-28567,3128,736
961,376,8,-40855,,-28567,3121,736
954,376,8,-40855,,-28567,3114,736
947,376,8,-40855,,-28567,3107,736
939,376,8,-40855,,-28567,3099,736
932,376,8,-40855,,-28567,3092,736
925,376,8,-40855,,-28567,3085,736
918,376,8,-40855,,-28567,3078,736
910,376,8,-40855,,-28567,3070,736
903,376,8,-40855,,-28567,3063,736
896,376,8,-40855,,-28567,3056,736
889,376,8,-40855,,-28567,3049,736
881,376,8,-40855,,-28567,3041,736
874,376,8,-40855,,-28567,3034,736
867,376,8,-40855,,-28567,3027,736
860,376,8,-40855,,-28567,3020,736
852,376,8,-40855,,-28567,3012,736
845,376,8,-40855,,-28567,3005,736
838,376,8,-40855,,-28567,2998,736
830,376,8,-40855,,-28567,2990,736
823,376,8,-40855,,-28567,2983,736
816,376,8,-40855,,-28567,2976,736
808,376,8,-40855,,-28567,2968,736
801,376,8,-40855,,-28567,2961,736
794,376,8,-40855,,-28567,2954,736
786,376,8,-40855,,-28567,2946,736
779,376,8,-40855,,-28567,2939,736
771,376,8,-40855,,-28567,2931,736
764,376,8,-40855,,-28567,2924,736
757,376,8,-40855,,-28567,2917,736
749,376,8,-40855,,-28567,2909,736
742,376,8,-40855,,-28567,2902,736
734,376,8,-40855,,-28567,2894,736
727,376,8,-40855,,-28567,2887,736
719,376,8,-40855,,-28567,2879,736
712,376,8,-40855,,-28567,2872,736
705,376,8,-40855,,-28567,2865,736
697,376,8,-40855,,-28567,2857,736
690,376,8,-40855,,-28567,2850,736
682,376,8,-40855,,-28567,2842,736
675,376,8,-40855,,-28567,2835,736
667,376,8,-40855,,-28567,2827,736
660,376,8,-40855,,-28567,2820,736
652,376,8,-40855,,-28567,2812,736
645,376,8,-40855,,-28567,2805,736
637,376,8,-40855,,-28567,2797,736
630,376,8,-40855,,-28567,2790,736
622,376,8,-40855,,-28567,2782,736
615,376,8,-40855,,-28567,2775,736
607,376,8,-40855,,-28567,2767,736
599,376,8,-40855,,-28567,2759,736
592,376,8,-40855,,-28567,2752,736
584,376,8,-40855,,-28567,2744,736
577,376,8,-40855,,-28567,2737,736
569,376,8,-40855,,-28567,2729,736
562,376,8,-40855,,-28567,2722,736
554,376,8,-40855,,-28567,2714,736
547,376,8,-40855,,-28567,2707,736
539,376,8,-40855,,-28567,2699,736
531,376,8,-40855,,-28567,2691,736
524,376,8,-40855,,-28567,2684,736
516,376,8,-40855,,-28567,2676,736
509,376,8,-40855,,-28567,2669,736
501,376,8,-40855,,-28567,2661,736
494,376,8,-40855,,-28567,2654,736
486,376,8,-40855,,-28567,2646,736
478,376,8,-40855,,-28567,2638,736
471,376,8,-40855,,-28567,2631,736
463,376,8,-40855,,-28567,2623,736
456,376,8,-40855,,-28567,2616,736
448,376,8,-40855,,-28567,2608,736
440,376,8,-40855,,-28567,2600,736
433,376,8,-40855,,-28567,2593,736
425,376,8,-40855,,-28567,2585,736
417,376,8,-40855,,-28567,2577,736
410,376,8,-40855,,-28567,2570,736
402,376,8,-40855,,-28567,2562,736
395,376,8,-40855,,-28567,2555,736
387,376,8,-40855,,-28567,2547,736
379,376,8,-40855,,-28567,2539,736
372,376,8,-40855,,-28567,2532,736
364,376,8,-40855,,-28567,2524,736
356,376,8,-40855,,-28567,2516,736
349,376,8,-40855,,-28567,2509,736
341,376,8,-40855,,-28567,2501,736
333,376,8,-40855,,-28567,2493,736
326,376,8,-40855,,-28567,2486,736
318,376,8,-40855,,-28567,2478,736
310,376,8,-40855,,-28567,2470,736
303,376,8,-40855,,-28567,2463,736
295,376,8,-40855,,-28567,2455,736
287,376,8,-40855,,-28567,2447,736
279,376,8,-40855,,-28567,2439,736
272,376,8,-40855,,-28567,2432,736
264,376,8,-40855,,-28567,2424,736
256,376,8,-40855,,-28567,2416,736
249,376,8,-40855,,-28567,2409,736
241,376,8,-40855,,-28567,2401,736
233,376,8,-40855,,-28567,2393,736
225,376,8,-40855,,-28567,2385,736
218,376,8,-40855,,-28567,2378,736
210,376,8,-40855,,-28567,2370,736
202,376,8,-40855,,-28567,2362,736
195,376,8,-40855,,-28567,2355,736
187,376,8,-40855,,-28567,2347,736
179,376,8,-40855,,-28567,2339,736
171,376,8,-40855,,-28567,2331,736
164,376,8,-40855,,-28567,2324,736
156,376,8,-40855,,-28567,2316,736
148,376,8,-40855,,-28567,2308,736
140,376,8,-40855,,-28567,2300,736
132,376,8,-40855,,-28567,2292,736
125,376,8,-40855,,-28567,2285,736
117,376,8,-40855,,-28567,2277,736
109,376,8,-40855,,-28567,2269,736
102,376,8,-40855,,-28567,2262,736
94,376,8,-40855,,-28567,2254,736
86,376,8,-40855,,-28567,2246,736
78,376,8,-40855,,-28567,2238,736
71,376,8,-40855,,-28567,2231,736
63,376,8,-40855,,-28567,2223,736
56,376,8,-40855,,-28567,2216,736
48,376,8,-40855,,-28567,2208,736
40,376,8,-40855,,-28567,2200,736
33,376,8,-40855,,-28567,2193,736
25,376,8,-40855,,-28567,2185,736
18,376,8,-40855,,-28567,2178,736
10,376,8,-40855,,-28567,2170,736
3,376,8,-40855,,-28567,2163,736
-5,376,8,-40855,,-28567,2155,736
-12,376,8,-40855,,-28567,2148,736
-20,376,8,-40855,,-28567,2140,736
-27,376,8,-40855,,-28567,2133,736
-35,376,8,-40855,,-28567,2125,736
-42,376,8,-40855,,-28567,2118,736
-49,376,8,-40855,,-28567,2111,736
-57,376,8,-40855,,-28567,2103,736
-64,376,8,-40855,,-28567,2096,736
-72,376,8,-40855,,-28567,2088,736
-79,376,8,-40855,,-28567,2081,736
-86,376,8,-40855,,-28567,2074,736
-93,376,8,-40855,,-28567,2067,736
-101,376,8,-40855,,-28567,2059,736
-108,376,8,-40855,,-28567,2052,736
-115,376,8,-40855,,-28567,2045,736
-123,376,8,-40855,,-28567,2037,736
-130,376,8,-40855,,-28567,2030,736
-137,376,8,-40855,,-28567,2023,736
-144,376,8,-40855,,-28567,2016,736
-151,376,8,-40855,,-28567,2009,736
-159,376,8,-40855,,-28567,2001,736
-166,376,8,-40855,,-28567,1994,736
-173,376,8,-40855,,-28567,1987,736
-180,376,8,-40855,,-28567,1980,736
-187,376,8,-40855,,-28567,1973,736
-194,376,8,-40855,,-28567,1966,736
-201,376,8,-40855,,-28567,1959,736
-208,376,8,-40855,,-28567,1952,736
-215,376,8,-40855,,-28567,1945,736
-222,376,8,-40855,,-28567,1938,736
-229,376,8,-40855,,-28567,1931,736
-236,376,7,-40855,,-28567,1924,736
-243,376,8,-40855,,-28567,1917,736
-250,376,8,-40855,,-28567,1910,736
-257,376,8,-40855,,-28567,1903,736
-264,376,8,-40855,,-28567,1896,736
-271,376,8,-40855,,-28567,1889,736
-278,376,8,-40855,,-28567,1882,736
-286,376,8,-40855,,-28567,1874,736
-293,376,8,-40855,,-28567,1867,736
-300,376,8,-40855,,-28567,1860,736
-307,376,8,-40855,,-28567,1853,736
-314,376,8,-40855,,-28567,1846,736
-321,376,8,-40855,,-28567,1839,736
-328,376,8,-40855,,-28567,1832,736
-335,376,8,-40855,,-28567,1825,736
-342,376,8,-40855,,-28567,1818,736
-349,376,8,-40855,,-28567,1811,736
-357,376,8,-40855,,-28567,1803,736
-364,376,8,-40855,,-28567,1796,736
-371,376,8,-40855,,-28567,1789,736
-378,376,8,-40855,,-28567,1782,736
-385,376,8,-40855,,-28567,1775,736
-392,376,8,-40855,,-28567,1768,736
-399,376,8,-40855,,-28567,1761,736
-407,376,8,-40855,,-28567,1753,736
-414,376,8,-40855,,-28567,1746,736
-421,376,8,-40855,,-28567,1739,736
-428,376,8,-40855,,-28567,1732,736
-435,376,8,-40855,,-28567,1725,736
-443,376,8,-40855,,-28567,1717,736
-450,376,8,-40855,,-28567,1710,736
-457,376,8,-40855,,-28567,1703,736
-464,376,8,-40855,,-28567,1696,736
-472,376,8,-40855,,-28567,1688,736
-479,376,8,-40855,,-28567,1681,736
-486,376,8,-40855,,-28567,1674,736
-494,376,8,-40855,,-28567,1666,736
-501,376,8,-40855,,-28567,1659,736
-508,376,8,-40855,,-28567,1652,736
-515,376,8,-40855,,-28567,1645,736
-523,376,8,-40855,,-28567,1637,736
-530,376,8,-40855,,-28567,1630,736
-537,376,8,-40855,,-28567,1623,736
-545,376,8,-40855,,-28567,1615,736
-552,376,8,-40855,,-28567,1608,736
-559,376,8,-40855,,-28567,1601,736
-567,376,8,-40855,,-28567,1593,736
-574,376,8,-40855,,-28567,1586,736
-581,376,8,-40855,,-28567,1579,736
-589,376,8,-40855,,-28567,1571,736
-596,376,8,-40855,,-28567,1564,736
-604,376,8,-40855,,-28567,1556,736
-611,376,8,-40855,,-28567,1549,736
-618,376,8,-40855,,-28567,1542,736
-626,376,8,-40855,,-28567,1534,736
-633,376,8,-40855,,-28567,1527,736
-641,376,8,-40855,,-28567,1519,736
-648,376,8,-40855,,-28567,1512,736
-656,376,8,-40855,,-28567,1504,736
-663,376,8,-40855,,-28567,1497,736
-671,376,8,-40855,,-28567,1489,736
-678,376,8,-40855,,-28567,1482,736
-686,376,8,-40855,,-28567,1474,736
-693,376,8,-40855,,-28567,1467,736
-701,376,8,-40855,,-28567,1459,736
-708,376,8,-40855,,-28567,1452,736
-716,376,8,-40855,,-28567,1444,736
-723,376,8,-40855,,-28567,1437,736
-731,376,8,-40855,,-28567,1429,736
-738,376,8,-40855,,-28567,1422,736
-746,376,8,-40855,,-28567,1414,736
-753,376,8,-40855,,-28567,1407,736
-761,376,8,-40855,,-28567,1399,736
-768,376,8,-40855,,-28567,1392,736
-776,376,8,-40855,,-28567,1384,736
-783,376,8,-40855,,-28567,1377,736
-791,376,8,-40855,,-28567,1369,736
-798,376,8,-40855,,-28567,1362,736
-806,376,8,-40855,,-28567,1354,736
-814,376,8,-40855,,-28567,1346,736
-821,376,8,-40855,,-28567,1339,736
-829,376,8,-40855,,-28567,1331,736
-836,376,8,-40855,,-28567,1324,736
-844,376,8,-40855,,-28567,1316,736
-851,376,8,-40855,,-28567,1309,736
-859,376,8,-40855,,-28567,1301,736
-867,376,8,-40855,,-28567,1293,736
-874,376,8,-40855,,-28567,1286,736
-882,376,8,-40855,,-28567,1278,736
-889,376,8,-40855,,-28567,1271,736
-897,376,8,-40855,,-28567,1263,736
-905,376,8,-40855,,-28567,1255,736
-912,376,8,-40855,,-28567,1248,736
-920,376,8,-40855,,-28567,1240,736
-927,376,8,-40855,,-28567,1233,736
-935,376,8,-40855,,-28567,1225,736
-943,376,8,-40855,,-28567,1217,736
-950,376,8,-40855,,-28567,1210,736
-958,376,8,-40855,,-28567,1202,736
-966,376,8,-40855,,-28567,1194,736
-973,376,8,-40855,,-28567,1187,736
-981,376,8,-40855,,-28567,1179,736
-988,376,8,-40855,,-28567,1172,736
-996,376,8,-40855,,-28567,1164,736
-1004,376,8,-40855,,-28567,1156,736
-1011,376,8,-40855,,-28567,1149,736
-1019,376,8,-40855,,-28567,1141,736
-1027,376,8,-40855,,-28567,1133,736
-1034,376,8,-40855,,-28567,1126,736
-1042,376,8,-40855,,-28567,1118,736
-1050,376,8,-40855,,-28567,1110,736
-1057,376,8,-40855,,-28567,1103,736
-1065,376,8,-40855,,-28567,1095,736
-1073,376,8,-40855,,-28567,1087,736
-1081,376,8,-40855,,-28567,1079,736
-1088,376,8,-40855,,-28567,1072,736
-1096,376,8,-40855,,-28567,1064,736
-1104,376,8,-40855,,-28567,1056,736
-1111,376,8,-40855,,-28567,1049,736
-1119,376,8,-40855,,-28567,1041,736
-1127,376,8,-40855,,-28567,1033,736
-1135,376,8,-40855,,-28567,1025,736
-1142,376,8,-40855,,-28567,1018,736
-1150,376,8,-40855,,-28567,1010,736
-1158,376,8,-40855,,-28567,1002,736
-1165,376,8,-40855,,-28567,995,736
-1173,376,8,-40855,,-28567,987,736
-1181,376,8,-40855,,-28567,979,736
-1189,376,8,-40855,,-28567,971,736
-1196,376,8,-40855,,-28567,964,736
-1204,376,8,-40855,,-28567,956,736
-1212,376,8,-40855,,-28567,948,736
-1220,376,8,-40855,,-28567,940,736
-1227,376,8,-40855,,-28567,933,736
-1235,376,8,-40855,,-28567,925,736
-1243,376,8,-40855,,-28567,917,736
-1251,376,8,-40855,,-28567,909,736
-1259,376,8,-40855,,-28567,901,736
-1266,376,8,-40855,,-28567,894,736
-1274,376,8,-40855,,-28567,886,736
-1282,376,8,-40855,,-28567,878,736
-1290,376,8,-40855,,-28567,870,736
-1298,376,8,-40855,,-28567,862,736
-1305,376,8,-40855,,-28567,855,736
-1313,376,8,-40855,,-28567,847,736
-1321,376,8,-40855,,-28567,839,736
-1329,376,8,-40855,,-28567,831,736
-1337,376,8,-40855,,-28567,823,736
-1344,376,8,-40855,,-28567,816,736
-1352,376,8,-40855,,-28567,808,736
-1360,376,8,-40855,,-28567,800,736
-1368,376,8,-40855,,-28567,792,736
-1375,376,8,-40855,,-28567,785,736
-1383,376,8,-40855,,-28567,777,736
-1391,376,8,-40855,,-28567,769,736
-1399,376,8,-40855,,-28567,761,736
-1406,376,8,-40855,,-28567,754,736
-1414,376,8,-40855,,-28567,746,736
-1421,376,8,-40855,,-28567,739,736
-1429,376,8,-40855,,-28567,731,736
-1437,376,8,-40855,,-28567,723,736
-1444,376,8,-40855,,-28567,716,736
-1452,376,8,-40855,,-28567,708,736
-1459,376,8,-40855,,-28567,701,736
-1467,376,8,-40855,,-28567,693,736
-1474,376,8,-40855,,-28567,686,736
-1482,376,8,-40855,,-28567,678,736
-1489,376,8,-40855,,-28567,671,736
-1497,376,8,-40855,,-28567,663,736
-1504,376,8,-40855,,-28567,656,736
-1512,376,8,-40855,,-28567,648,736
-1519,376,8,-40855,,-28567,641,736
-1527,376,8,-40855,,-28567,633,736
-1534,376,8,-40855,,-28567,626,736
-1541,376,8,-40855,,-28567,619,736
-1549,376,8,-40855,,-28567,611,736
-1556,376,8,-40855,,-28567,604,736
-1564,376,8,-40855,,-28567,596,736
-1571,376,8,-40855,,-28567,589,736
-1578,376,8,-40855,,-28567,582,736
-1585,376,8,-40833,,-28545,575,736
-1593,376,8,-40789,,-28501,567,736
-1600,376,8,-40723,,-28435,560,736
-1607,376,8.062257748,-40635,,-28347,553,736
-1614,375,8.062257748,-40503,,-28215,546,735
-1622,375,8.062257748,-40349,,-28061,538,735
-1629,374,8.062257748,-40151,,-27863,531,734
-1636,373,8.062257748,-39909,,-27621,524,733
-1643,372,8.246211251,-39623,,-27335,517,732
-1650,371,8.246211251,-39315,,-27027,510,731
-1657,369,7.280109889,-39007,,-26719,503,729
-1664,367,7.280109889,-38699,,-26411,496,727
-1671,365,7.615773106,-38391,,-26103,489,725
-1677,362,7.615773106,-38083,,-25795,483,722
-1684,360,7.615773106,-37775,,-25487,476,720
-1690,357,7.615773106,-37467,,-25179,470,717
-1697,354,8.062257748,-37159,,-24871,463,714
-1703,350,8.062257748,-36873,,-24585,457,710
-1709,347,8.062257748,-36609,,-24321,451,707
-1715,343,7.211102551,-36367,,-24079,445,703
-1721,339,7.211102551,-36152,,-23864,439,699
-1726,335,7.810249676,-35959,,-23671,434,695
-1732,331,7.810249676,-35787,,-23499,428,691
-1737,327,7.810249676,-35637,,-23349,423,687
-1743,322,7.810249676,-35508,,-23220,417,682
-1748,318,7.810249676,-35401,,-23113,412,678
-1753,314,7.810249676,-35315,,-23027,407,674
-1758,309,7.810249676,-35251,,-22963,402,669
-1763,305,7.810249676,-35208,,-22920,397,665
-1768,300,7.810249676,-35187,,-22899,392,660
-1774,296,7.810249676,-35187,,-22899,386,656
-1779,291,7.810249676,-35187,,-22899,381,651
-1784,287,7.810249676,-35166,,-22878,376,647
-1789,282,7.810249676,-35123,,-22835,371,642
-1794,278,7.071067812,-35059,,-22771,366,638
-1799,273,7.071067812,-34973,,-22685,361,633
-1804,268,7.071067812,-34844,,-22556,356,628
-1808,264,7.071067812,-34694,,-22406,352,624
-1813,259,7.071067812,-34501,,-22213,347,619
-1817,254,7.810249676,-34265,,-21977,343,614
-1822,249,7.810249676,-33986,,-21698,338,609
-1826,243,7.810249676,-33685,,-21397,334,603
-1829,238,7.211102551,-33384,,-21096,331,598
-1833,233,7.211102551,-33083,,-20795,327,593
-1837,227,7.211102551,-32782,,-20494,323,587
-1840,221,7.211102551,-32481,,-20193,320,581
-1843,215,6.708203932,-32180,,-19892,317,575
-1845,209,6.708203932,-31879,,-19591,315,569
-1848,203,7.615773106,-31578,,-19290,312,563
-1850,197,7.615773106,-31277,,-18989,310,557
-1852,191,7.280109889,-30976,,-18688,308,551
-1854,185,7.280109889,-30675,,-18387,306,545
-1855,178,7.280109889,-30381,,-18093,305,538
-1856,172,7.280109889,-30087,,-17799,304,532
-1857,166,7.280109889,-29793,,-17505,303,526
-1858,159,7.071067812,-29499,,-17211,302,519
-1859,153,7.071067812,-29205,,-16917,301,513
-1859,146,7.071067812,-28911,,-16623,301,506
-1859,140,7,-12233,,55,301,500
-1859,134,7,-11939,,349,301,494
-1859,127,7,-11645,,643,301,487
-1858,121,7,-11351,,937,302,481
-1857,115,7,-11057,,1231,303,475
-1856,109,7.071067812,-10763,,1525,304,469
-1855,102,7.071067812,-10469,,1819,305,462
-1853,96,7.071067812,-10175,,2113,307,456
-1851,90,6.08276253,-9881,,2407,309,450
-1849,84,6.08276253,-9587,,2701,311,444
-1847,79,6.32455532,-9293,,2995,313,439
-1845,73,6.32455532,-8999,,3289,315,433
-1842,67,6.32455532,-8705,,3583,318,427
-1839,62,6.32455532,-8411,,3877,321,422
-1836,56,6.708203932,-8117,,4171,324,416
-1833,51,6.708203932,-7823,,4465,327,411
-1829,46,6.708203932,-7529,,4759,331,406
-1826,41,5.830951895,-7235,,5053,334,401
-1822,36,5.830951895,-6941,,5347,338,396
-1818,32,5.830951895,-6647,,5641,342,392
-1814,27,6.403124237,-6353,,5935,346,387
-1810,23,6.403124237,-6059,,6229,350,383
-1805,19,6.403124237,-5765,,6523,355,379
-1801,15,5.656854249,-5471,,6817,359,375
-1796,11,5.656854249,-5177,,7111,364,371
-1791,7,5.656854249,-4883,,7405,369,367
-1786,4,5.656854249,-4596,,7692,374,364
-1781,1,6.403124237,-4309,,7979,379,361
-1776,-2,5.830951895,-4022,,8266,384,358
-1771,-5,5.830951895,-3735,,8553,389,355
-1766,-7,5.830951895,-3448,,8840,394,353
-1760,-10,5.830951895,-3161,,9127,400,350
-1755,-12,5.830951895,-2874,,9414,405,348
-1749,-14,5.830951895,-2587,,9701,411,346
-1744,-16,5.385164807,-2300,,9988,416,344
-1738,-17,5.385164807,-2013,,10275,422,343
-1732,-19,5.385164807,-1726,,10562,428,341
-1727,-20,5.385164807,-1439,,10849,433,340
-1721,-21,5.099019514,-1152,,11136,439,339
-1715,-22,5.099019514,-865,,11423,445,338
-1710,-22,5.099019514,-599,,11689,450,338
-1704,-22,5.099019514,-353,,11935,456,338
-1698,-23,5.099019514,-128,,12160,462,337
-1692,-23,5,77,,12365,468,337
-1687,-22,5,261,,12549,473,338
-1681,-22,5,425,,12713,479,338
-1675,-22,5,568,,12856,485,338
-1670,-22,5,691,,12979,490,338
-1664,-21,5,793,,13081,496,339
-1659,-20,5,875,,13163,501,340
-1653,-20,5,936,,13224,507,340
-1647,-19,5,977,,13265,513,341
-1642,-19,5,997,,13285,518,341
-1636,-18,5,997,,13285,524,342
-1631,-18,5,997,,13285,529,342
-1625,-17,5,997,,13285,535,343
-1620,-16,5,997,,13285,540,344
-1614,-16,5,997,,13285,546,344
-1608,-15,5,997,,13285,552,345
-1602,-15,5,997,,13285,558,345
-1597,-14,5,997,,13285,563,346
-1591,-14,5,997,,13285,569,346
-1585,-13,5,997,,13285,575,347
-1579,-12,5,997,,13285,581,348
-1573,-12,5,997,,13285,587,348
-1567,-11,5,997,,13285,593,349
-1561,-10,5,997,,13285,599,350
-1555,-10,5,997,,13285,605,350
-1549,-9,6,997,,13285,611,351
-1543,-9,6,997,,13285,617,351
-1537,-8,6,997,,13285,623,352
-1531,-7,6,997,,13285,629,353
-1525,-7,6,997,,13285,635,353
-1519,-6,6,997,,13285,641,354
-1512,-6,6,997,,13285,648,354
-1506,-5,6,976,,13264,654,355
-1500,-4,6,913,,13201,660,356
-1494,-4,6,829,,13117,666,356
-1487,-3,6,724,,13012,673,357
-1481,-3,6,577,,12865,679,357
-1474,-3,6,409,,12697,686,357
-1468,-2,6,262,,12550,692,358
-1461,-2,6,136,,12424,699,358
-1455,-2,6,29,,12317,705,358
-1448,-3,6.08276253,-57,,12231,712,357
-1442,-3,6.08276253,-121,,12167,718,357
-1435,-3,6.08276253,-164,,12124,725,357
-1429,-3,6.08276253,-185,,12103,731,357
-1422,-3,6.08276253,-185,,12103,738,357
-1415,-4,6.08276253,-185,,12103,745,356
-1409,-4,6.08276253,-185,,12103,751,356
-1402,-4,6.08276253,-185,,12103,758,356
-1396,-4,6.08276253,-185,,12103,764,356
-1389,-4,6.08276253,-185,,12103,771,356
-1382,-5,6.08276253,-185,,12103,778,355
-1375,-5,6.08276253,-185,,12103,785,355
-1369,-5,6.08276253,-185,,12103,791,355
-1362,-5,6.08276253,-185,,12103,798,355
-1355,-5,6.08276253,-185,,12103,805,355
-1348,-6,6.08276253,-185,,12103,812,354
-1342,-6,6.08276253,-185,,12103,818,354
-1335,-6,6.08276253,-185,,12103,825,354
-1328,-6,6.08276253,-185,,12103,832,354
-1321,-7,6.08276253,-185,,12103,839,353
-1314,-7,6.08276253,-185,,12103,846,353
-1307,-7,6.08276253,-164,,12124,853,353
-1301,-7,6.08276253,-121,,12167,859,353
-1294,-7,6.08276253,-57,,12231,866,353
-1287,-8,6.08276253,-14,,12274,873,352
-1280,-8,6,7,,12295,880,352
-1273,-8,6,7,,12295,887,352
-1266,-8,6,7,,12295,894,352
-1259,-8,6,7,,12295,901,352
-1252,-8,6,7,,12295,908,352
-1245,-8,7,7,,12295,915,352
-1238,-8,7,7,,12295,922,352
-1231,-8,7,7,,12295,929,352
-1224,-8,7,7,,12295,936,352
-1217,-8,7,7,,12295,943,352
-1210,-8,7,7,,12295,950,352
-1203,-8,7,7,,12295,957,352
-1196,-8,7,7,,12295,964,352
-1189,-8,7,7,,12295,971,352
-1182,-8,7,7,,12295,978,352
-1174,-8,7,7,,12295,986,352
-1167,-8,7,7,,12295,993,352
-1160,-8,7,7,,12295,1000,352
-1153,-8,7,7,,12295,1007,352
-1146,-8,7,29,,12317,1014,352
-1139,-8,7,73,,12361,1021,352
-1132,-8,7,139,,12427,1028,352
-1125,-8,7,227,,12515,1035,352
-1117,-7,7,293,,12581,1043,353
-1110,-7,7,337,,12625,1050,353
-1103,-7,7,359,,12647,1057,353
-1096,-7,7,359,,12647,1064,353
-1089,-7,7,359,,12647,1071,353
-1082,-6,7,359,,12647,1078,354
-1074,-6,7,359,,12647,1086,354
-1067,-6,7,359,,12647,1093,354
-1060,-6,7,359,,12647,1100,354
-1053,-5,7,359,,12647,1107,355
-1046,-5,7,359,,12647,1114,355
-1038,-5,7,359,,12647,1122,355
-1031,-5,7,359,,12647,1129,355
-1024,-4,7,359,,12647,1136,356
-1017,-4,7,359,,12647,1143,356
-1009,-4,7,359,,12647,1151,356
-1002,-4,7,359,,12647,1158,356
-995,-4,7,359,,12647,1165,356
-987,-3,7,359,,12647,1173,357
-980,-3,7,359,,12647,1180,357
-973,-3,7,359,,12647,1187,357
-966,-3,7,359,,12647,1194,357
-958,-2,7,359,,12647,1202,358
-951,-2,7,359,,12647,1209,358
-944,-2,7,359,,12647,1216,358
-936,-2,7,359,,12647,1224,358
-929,-2,7,359,,12647,1231,358
-922,-1,7,359,,12647,1238,359
-914,-1,7,359,,12647,1246,359
-907,-1,7,359,,12647,1253,359
-899,-1,7,359,,12647,1261,359
-892,0,7,359,,12647,1268,360
-885,0,7,359,,12647,1275,360
-877,0,7,359,,12647,1283,360
-870,0,7,359,,12647,1290,360
-862,1,7,359,,12647,1298,361
-855,1,7,359,,12647,1305,361
-847,1,7,359,,12647,1313,361
-840,1,7,359,,12647,1320,361
-833,1,7,359,,12647,1327,361
-825,2,7,359,,12647,1335,362
-818,2,7,359,,12647,1342,362
-810,2,7,359,,12647,1350,362
-803,2,7,359,,12647,1357,362
-795,3,7,359,,12647,1365,363
-788,3,7,359,,12647,1372,363
-780,3,7,359,,12647,1380,363
-773,3,7,359,,12647,1387,363
-765,4,7,359,,12647,1395,364
-758,4,7,359,,12647,1402,364
-750,4,7,359,,12647,1410,364
-743,4,7,359,,12647,1417,364
-735,5,7,359,,12647,1425,365
-728,5,7,359,,12647,1432,365
-720,5,7,359,,12647,1440,365
-712,5,7,359,,12647,1448,365
-705,5,7,337,,12625,1455,365
-697,6,7,271,,12559,1463,366
-690,6,7,183,,12471,1470,366
-682,6,7,117,,12405,1478,366
-675,6,7,73,,12361,1485,366
-667,6,7,51,,12339,1493,366
-660,6,7,51,,12339,1500,366
-652,6,7,51,,12339,1508,366
-644,6,7,51,,12339,1516,366
-637,6,7,51,,12339,1523,366
-629,6,7,51,,12339,1531,366
-622,6,7,51,,12339,1538,366
-614,6,7,51,,12339,1546,366
-607,6,7,51,,12339,1553,366
-599,6,7,51,,12339,1561,366
-591,6,7,51,,12339,1569,366
-584,6,7,51,,12339,1576,366
-576,6,7,51,,12339,1584,366
-569,6,7,51,,12339,1591,366
-561,6,7,51,,12339,1599,366
-553,6,7,51,,12339,1607,366
-546,6,7,51,,12339,1614,366
-538,6,7,51,,12339,1622,366
-530,6,7,51,,12339,1630,366
-523,6,7,51,,12339,1637,366
-515,6,7,51,,12339,1645,366
-507,6,7,51,,12339,1653,366
-500,6,7,51,,12339,1660,366
-492,6,7,51,,12339,1668,366
-485,6,7,51,,12339,1675,366
-477,6,7,51,,12339,1683,366
-469,6,7,51,,12339,1691,366
-462,6,7,51,,12339,1698,366
-454,6,7,51,,12339,1706,366
-446,6,7,51,,12339,1714,366
-438,6,7,51,,12339,1722,366
-431,6,7,51,,12339,1729,366
-423,6,7,51,,12339,1737,366
-415,6,7,51,,12339,1745,366
-408,6,7,51,,12339,1752,366
-400,6,7,51,,12339,1760,366
-392,6,7,51,,12339,1768,366
-385,6,7,51,,12339,1775,366
-377,6,7,51,,12339,1783,366
-369,6,7,51,,12339,1791,366
-361,6,7,51,,12339,1799,366
-354,6,7,51,,12339,1806,366
-346,6,7,73,,12361,1814,366
-338,6,7,117,,12405,1822,366
-331,6,7,139,,12427,1829,366
-323,6,7,139,,12427,1837,366
-315,6,7,139,,12427,1845,366
-307,6,7,139,,12427,1853,366
-300,6,7,139,,12427,1860,366
-292,6,7,139,,12427,1868,366
-284,6,7,139,,12427,1876,366
-276,6,7,139,,12427,1884,366
-269,6,7,139,,12427,1891,366
-261,6,7,139,,12427,1899,366
-253,6,7,139,,12427,1907,366
-245,6,7,139,,12427,1915,366
-237,6,7,139,,12427,1923,366
-230,6,7,139,,12427,1930,366
-222,6,7,139,,12427,1938,366
-214,6,7,139,,12427,1946,366
-206,6,7,139,,12427,1954,366
-198,6,7,139,,12427,1962,366
-191,6,7,139,,12427,1969,366
-183,6,7,139,,12427,1977,366
-175,6,7,139,,12427,1985,366
-167,6,7,139,,12427,1993,366
-159,6,7,139,,12427,2001,366
-152,6,7,139,,12427,2008,366
-144,6,7,139,,12427,2016,366
-136,6,7,139,,12427,2024,366
-128,6,7,139,,12427,2032,366
-120,6,7,139,,12427,2040,366
-112,6,7,139,,12427,2048,366
-105,6,7,139,,12427,2055,366
-97,6,7,139,,12427,2063,366
-89,6,7,139,,12427,2071,366
-81,6,7,139,,12427,2079,366
-73,6,7,139,,12427,2087,366
-65,6,7,139,,12427,2095,366
-57,6,7,139,,12427,2103,366
-50,6,7,139,,12427,2110,366
-42,6,7,139,,12427,2118,366
-34,6,7,139,,12427,2126,366
-26,6,7,139,,12427,2134,366
-18,6,7,139,,12427,2142,366
-10,6,7,139,,12427,2150,366
-2,6,7,139,,12427,2158,366
6,6,7,139,,12427,2166,366
14,6,7,139,,12427,2174,366
21,6,7,139,,12427,2181,366
29,6,7,139,,12427,2189,366
37,6,7,139,,12427,2197,366
45,6,7,139,,12427,2205,366
53,6,7,139,,12427,2213,366
60,6,7,139,,12427,2220,366
68,6,7,139,,12427,2228,366
76,6,7,139,,12427,2236,366
84,6,7,139,,12427,2244,366
91,6,7,139,,12427,2251,366
99,6,7,139,,12427,2259,366
107,6,7,139,,12427,2267,366
114,6,7,139,,12427,2274,366
122,6,7,139,,12427,2282,366
130,6,7,139,,12427,2290,366
137,6,7,139,,12427,2297,366
145,6,7,139,,12427,2305,366
152,6,7,139,,12427,2312,366
160,6,7,139,,12427,2320,366
168,6,7,139,,12427,2328,366
175,6,7,139,,12427,2335,366
183,6,7,139,,12427,2343,366
190,6,7,139,,12427,2350,366
198,6,7,139,,12427,2358,366
205,6,7,139,,12427,2365,366
213,6,7,139,,12427,2373,366
220,6,7,139,,12427,2380,366
227,6,7,139,,12427,2387,366
235,6,7,139,,12427,2395,366
242,6,7,139,,12427,2402,366
250,6,7,139,,12427,2410,366
257,6,7,139,,12427,2417,366
264,6,7,139,,12427,2424,366
272,6,7,139,,12427,2432,366
279,6,7,139,,12427,2439,366
286,6,7,139,,12427,2446,366
294,6,7,139,,12427,2454,366
301,6,7,139,,12427,2461,366
308,6,7,139,,12427,2468,366
315,6,7,139,,12427,2475,366
323,6,7,139,,12427,2483,366
330,6,7,139,,12427,2490,366
337,6,7,139,,12427,2497,366
344,6,7,139,,12427,2504,366
351,6,7,139,,12427,2511,366
359,6,7,139,,12427,2519,366
366,6,7,139,,12427,2526,366
373,6,7,139,,12427,2533,366
380,6,7,139,,12427,2540,366
387,6,7,139,,12427,2547,366
394,6,7,139,,12427,2554,366
401,6,7,139,,12427,2561,366
408,6,7,139,,12427,2568,366
415,6,7,139,,12427,2575,366
422,6,7,139,,12427,2582,366
429,6,6,139,,12427,2589,366
436,6,6,139,,12427,2596,366
443,6,6,139,,12427,2603,366
450,6,6,139,,12427,2610,366
457,6,6,139,,12427,2617,366
464,6,6,139,,12427,2624,366
471,6,6,139,,12427,2631,366
478,6,6,139,,12427,2638,366
485,6,6,139,,12427,2645,366
491,6,6,139,,12427,2651,366
498,6,6,139,,12427,2658,366
505,6,6,139,,12427,2665,366
512,6,6,139,,12427,2672,366
519,6,6,139,,12427,2679,366
525,6,6,139,,12427,2685,366
532,6,6,139,,12427,2692,366
539,6,6,139,,12427,2699,366
546,6,6,139,,12427,2706,366
552,6,6,139,,12427,2712,366
559,6,6,139,,12427,2719,366
566,6,6,139,,12427,2726,366
572,6,6,139,,12427,2732,366
579,6,6,139,,12427,2739,366
586,6,6,139,,12427,2746,366
592,6,6,139,,12427,2752,366
599,6,6,139,,12427,2759,366
605,6,6,139,,12427,2765,366
612,6,6,139,,12427,2772,366
619,6,6,139,,12427,2779,366
625,6,6,139,,12427,2785,366
632,6,6,139,,12427,2792,366
638,6,6,139,,12427,2798,366
645,6,6,139,,12427,2805,366
651,6,6,139,,12427,2811,366
658,6,6,139,,12427,2818,366
664,6,6,139,,12427,2824,366
670,6,6,139,,12427,2830,366
677,6,6,139,,12427,2837,366
683,6,6,139,,12427,2843,366
690,6,6,139,,12427,2850,366
696,6,6,139,,12427,2856,366
702,6,6,139,,12427,2862,366
709,6,6,139,,12427,2869,366
715,6,6,139,,12427,2875,366
721,6,6,139,,12427,2881,366
728,6,6,139,,12427,2888,366
734,6,6,139,,12427,2894,366
740,6,6,139,,12427,2900,366
746,6,6,139,,12427,2906,366
753,6,6,139,,12427,2913,366
759,6,6,139,,12427,2919,366
765,6,6,139,,12427,2925,366
771,6,6,139,,12427,2931,366
777,6,6,139,,12427,2937,366
784,6,6,139,,12427,2944,366
790,6,6,139,,12427,2950,366
796,6,6,139,,12427,2956,366
802,6,6,139,,12427,2962,366
808,6,6,139,,12427,2968,366
814,6,6,139,,12427,2974,366
820,6,6,139,,12427,2980,366
826,6,6,139,,12427,2986,366
832,6,6,139,,12427,2992,366
838,6,6,139,,12427,2998,366
844,6,5,139,,12427,3004,366
850,6,5,139,,12427,3010,366
856,6,5,139,,12427,3016,366
862,6,5,139,,12427,3022,366
868,6,5,139,,12427,3028,366
874,6,5,139,,12427,3034,366
880,6,5,139,,12427,3040,366
886,6,5,139,,12427,3046,366
892,6,5,139,,12427,3052,366
897,6,5,139,,12427,3057,366
903,6,5,139,,12427,3063,366
909,6,5,139,,12427,3069,366
915,6,5,139,,12427,3075,366
921,6,5,139,,12427,3081,366
926,6,5,139,,12427,3086,366
932,6,5,139,,12427,3092,366
938,6,5,139,,12427,3098,366
944,6,5,139,,12427,3104,366
949,6,5,139,,12427,3109,366
955,6,5,139,,12427,3115,366
961,6,5,139,,12427,3121,366
966,6,5,139,,12427,3126,366
972,6,5,139,,12427,3132,366
977,6,5,139,,12427,3137,366
983,6,5,139,,12427,3143,366
988,6,5,139,,12427,3148,366
994,6,5,139,,12427,3154,366
999,6,5,139,,12427,3159,366
1004,6,5,139,,12427,3164,366
1009,6,5,139,,12427,3169,366
1015,6,5,139,,12427,3175,366
1020,6,5,139,,12427,3180,366
1025,6,5,139,,12427,3185,366
1030,6,5,139,,12427,3190,366
1035,6,5,139,,12427,3195,366
1040,6,5,139,,12427,3200,366
1046,6,5,139,,12427,3206,366
1051,6,5,139,,12427,3211,366
1056,6,5,139,,12427,3216,366
1061,6,5,139,,12427,3221,366
1066,6,5,139,,12427,3226,366
1071,6,5,139,,12427,3231,366
1076,6,5,139,,12427,3236,366
1081,6,5,139,,12427,3241,366
1086,6,4,139,,12427,3246,366
1091,6,4,139,,12427,3251,366
1096,6,4,139,,12427,3256,366
1101,6,4,139,,12427,3261,366
1106,6,4,139,,12427,3266,366
1111,6,4,139,,12427,3271,366
1116,6,4,139,,12427,3276,366
1120,6,4,139,,12427,3280,366
1125,6,4,139,,12427,3285,366
1130,6,4,139,,12427,3290,366
1135,6,4,139,,12427,3295,366
1140,6,4,139,,12427,3300,366
1145,6,4,139,,12427,3305,366
1149,6,4,139,,12427,3309,366
1154,6,4,139,,12427,3314,366
1159,6,4,139,,12427,3319,366
1164,6,4,139,,12427,3324,366
1168,6,4,139,,12427,3328,366
1173,6,4,139,,12427,3333,366
1178,6,4,139,,12427,3338,366
1182,6,4,139,,12427,3342,366
1187,6,4,139,,12427,3347,366
1191,6,4,139,,12427,3351,366
1195,6,4,139,,12427,3355,366
1200,6,4,139,,12427,3360,366
1204,6,4,139,,12427,3364,366
1209,6,4,139,,12427,3369,366
1213,6,4,139,,12427,3373,366
1217,6,4,139,,12427,3377,366
1222,6,4,139,,12427,3382,366
1226,6,4,139,,12427,3386,366
1230,6,4,139,,12427,3390,366
1235,6,4,139,,12427,3395,366
1239,6,4,139,,12427,3399,366
1243,6,4,139,,12427,3403,366
1248,6,4,139,,12427,3408,366
1252,6,4,139,,12427,3412,366
1256,6,4,139,,12427,3416,366
1260,6,4,139,,12427,3420,366
1264,6,4,139,,12427,3424,366
1269,6,4,139,,12427,3429,366
1273,6,4,139,,12427,3433,366
1277,6,4,139,,12427,3437,366
1281,6,4,139,,12427,3441,366
1285,6,4,139,,12427,3445,366
1289,6,4,139,,12427,3449,366
1293,6,4,139,,12427,3453,366
1297,6,4,139,,12427,3457,366
1301,6,4,139,,12427,3461,366
1305,6,4,139,,12427,3465,366
1309,6,4,139,,12427,3469,366
1313,6,4,139,,12427,3473,366
1317,6,3,139,,12427,3477,366
1321,6,3,139,,12427,3481,366
1325,6,3,139,,12427,3485,366
1329,6,3,139,,12427,3489,366
1333,6,3,139,,12427,3493,366
1337,6,3,139,,12427,3497,366
1341,6,3,139,,12427,3501,366
1345,6,3,139,,12427,3505,366
1349,6,3,139,,12427,3509,366
1353,6,3,139,,12427,3513,366
1356,6,3,139,,12427,3516,366
1360,6,3,139,,12427,3520,366
1364,6,3,139,,12427,3524,366
1368,6,3,139,,12427,3528,366
1372,6,3,139,,12427,3532,366
1375,6,3,139,,12427,3535,366
1379,6,3,139,,12427,3539,366
1383,6,3,139,,12427,3543,366
1386,6,3,139,,12427,3546,366
